id,team,conference,rank,rating,blend_z,metrics_z,poll_z,selection_rank,selection_rating,metrics_rank,sp_rank,fpi_rank,elo_rank,ap_rank,ap_points,cfp_rank,wins,losses,conf_wins,conf_losses,poll_vs_metrics
61,Georgia,SEC,1,30.5,2.26,2.26,2.129,1,30.5,1,1,1,4,2,1646,,4,0,2,0,-1
87,Notre Dame,FBS Independents,2,29.3,2.169,2.162,2.065,2,29.3,3,3,2,2,3,1581,,4,0,0,0,0
194,Ohio State,Big Ten,3,29.1,2.161,2.188,1.951,3,29.1,2,2,3,3,5,1465,,3,1,1,0,-3
251,Texas,SEC,4,27.2,2.016,1.909,2.218,4,27.2,6,7,4,6,1,1737,,4,0,1,0,5
2390,Miami,ACC,5,27.2,2.014,1.983,1.986,5,27.2,4,5,5,5,4,1501,,4,0,2,0,0
84,Indiana,Big Ten,6,26.8,1.987,1.978,1.895,6,26.8,5,4,7,1,6,1408,,4,0,1,0,-1
333,Alabama,SEC,7,25.1,1.857,1.839,1.794,7,25.1,7,6,6,7,7,1305,,4,0,2,0,0
99,LSU,SEC,8,22.7,1.673,1.672,1.567,8,22.7,8,10,8,10,11,1073,,3,1,1,1,-3
2483,Oregon,Big Ten,9,21.5,1.583,1.668,1.225,9,21.5,9,8,9,12,15,725,,3,1,1,0,-6
57,Florida,SEC,10,21.1,1.553,1.45,1.762,10,21.1,11,12,10,18,8,1272,,4,0,2,0,3
254,Utah,Big 12,11,20.6,1.515,1.519,1.4,11,20.6,10,9,12,8,13,903,,4,0,1,0,-3
2641,Texas Tech,Big 12,12,20.1,1.478,1.422,1.547,12,20.1,12,11,13,11,12,1053,,4,0,1,0,0
2633,Tennessee,SEC,13,18.3,1.347,1.377,1.165,13,18.3,13,14,11,17,17,663,,3,1,0,1,-4
252,BYU,Big 12,14,17.8,1.308,1.19,1.572,14,17.8,17,17,17,28,10,1078,,3,0,1,0,7
30,USC,Big Ten,15,16.1,1.182,1.242,0.916,15,16.1,16,13,18,15,18,410,,4,1,1,1,-2
344,Mississippi State,SEC,16,15.9,1.164,1.118,1.216,16,15.9,18,18,20,34,16,715,,4,0,2,0,2
145,Ole Miss,SEC,17,15.7,1.146,0.972,1.582,17,15.7,24,32,19,16,9,1089,,3,1,1,1,15
2294,Iowa,Big Ten,18,15.6,1.144,1.045,1.354,18,15.6,21,19,25,13,14,856,,4,0,1,0,7
158,Nebraska,Big Ten,19,15.1,1.103,1.255,0.564,19,15.1,14,15,14,22,,,,4,0,1,0,-12
213,Penn State,Big Ten,20,15.0,1.094,1.242,0.564,20,15.0,15,16,15,9,,,,3,1,0,1,-11
221,Pittsburgh,ACC,21,13.2,0.963,1.07,0.564,21,13.2,19,20,22,29,,,,4,0,1,0,-7
130,Michigan,Big Ten,22,13.0,0.946,1.048,0.564,22,13.0,20,22,23,20,,,,3,1,0,1,-6
201,Oklahoma,SEC,23,12.7,0.921,1.014,0.564,23,12.7,22,27,21,23,,,,2,2,0,1,-4
258,Virginia,ACC,24,12.4,0.904,0.992,0.564,24,12.4,23,21,26,26,,,,3,1,1,0,-3
248,Houston,Big 12,25,12.2,0.883,0.89,0.787,25,12.2,28,30,27,56,20,278,,3,1,0,1,8
26,UCLA,Big Ten,26,12.2,0.883,0.91,0.728,26,12.2,27,24,32,39,23,218,,4,0,2,0,4
2,Auburn,SEC,27,11.8,0.855,0.928,0.564,27,11.8,25,31,24,30,,,,3,1,1,1,-1
245,Texas A&M,SEC,28,11.7,0.847,0.917,0.564,28,11.7,26,39,16,19,,,,2,2,0,2,
142,Missouri,SEC,29,11.5,0.832,0.876,0.63,29,11.5,30,25,35,32,25,118,,3,1,0,1,5
2567,SMU,ACC,30,11.4,0.828,0.828,0.756,30,11.4,31,26,37,27,21,246,,3,1,1,1,10
2306,Kansas State,Big 12,31,11.4,0.826,0.889,0.564,31,11.4,29,23,34,31,,,,3,1,0,1,
150,Duke,ACC,32,10.5,0.755,0.796,0.564,32,10.5,32,35,30,36,,,,4,0,1,0,
259,Virginia Tech,ACC,33,10.4,0.753,0.793,0.564,33,10.4,33,28,38,70,,,,4,0,1,0,
97,Louisville,ACC,34,10.3,0.743,0.78,0.564,34,10.3,34,36,31,33,,,,2,2,1,1,
68,Boise State,Pac-12,35,10.1,0.729,0.705,0.731,35,10.1,35,47,29,37,22,221,,3,1,0,0,13
197,Oklahoma State,Big 12,36,9.8,0.705,0.633,0.853,36,9.8,39,34,43,101,19,345,,3,1,1,0,20
77,Northwestern,Big Ten,37,9.5,0.682,0.7,0.564,37,9.5,36,50,28,43,,,,2,1,0,1,
96,Kentucky,SEC,38,9.4,0.672,0.653,0.661,38,9.4,37,44,36,52,24,150,,3,1,1,1,13
2579,South Carolina,SEC,39,9.0,0.645,0.651,0.564,39,9.0,38,49,33,40,,,,2,2,0,2,
2132,Cincinnati,Big 12,40,8.5,0.608,0.602,0.564,40,8.5,40,38,42,59,,,,4,0,1,0,
264,Washington,Big Ten,41,8.5,0.608,0.601,0.564,41,8.5,41,29,54,21,,,,3,1,0,1,
12,Arizona,Big 12,42,8.5,0.605,0.598,0.564,42,8.5,42,33,50,42,,,,3,1,0,1,
239,Baylor,Big 12,43,8.4,0.597,0.587,0.564,43,8.4,43,43,39,54,,,,3,1,1,0,
256,James Madison,Sun Belt,44,8.3,0.592,0.581,0.564,44,8.3,44,37,49,14,,,,4,0,1,0,
356,Illinois,Big Ten,45,8.1,0.579,0.563,0.563,45,8.1,45,41,44,50,,,,2,2,0,1,
2116,UCF,Big 12,46,8.1,0.574,0.559,0.559,46,8.1,46,40,46,69,,,,3,1,1,0,
2628,TCU,Big 12,47,7.7,0.546,0.531,0.531,47,7.7,47,42,47,46,,,,2,2,0,1,
275,Wisconsin,Big Ten,48,7.6,0.542,0.527,0.527,48,7.6,48,51,41,45,,,,3,1,1,0,
238,Vanderbilt,SEC,49,6.9,0.49,0.475,0.475,49,6.9,49,48,51,24,,,,3,1,0,1,
228,Clemson,ACC,50,6.6,0.467,0.452,0.452,50,6.6,50,54,40,51,,,,3,1,2,0,
167,New Mexico,Mountain West,51,6.6,0.465,0.451,0.451,51,6.6,51,46,53,49,,,,3,1,0,0,
52,Florida State,ACC,52,6.6,0.465,0.45,0.45,52,6.6,52,53,45,53,,,,2,2,0,1,
154,Wake Forest,ACC,53,5.3,0.363,0.35,0.35,53,5.3,53,57,48,57,,,,3,1,1,1,
153,North Carolina,ACC,54,4.5,0.307,0.294,0.294,54,4.5,54,60,52,86,,,,2,1,0,1,
135,Minnesota,Big Ten,55,4.4,0.298,0.285,0.285,55,4.4,55,52,61,67,,,,3,1,1,0,
66,Iowa State,Big 12,56,4.0,0.27,0.257,0.257,56,4.0,56,58,55,35,,,,2,2,0,1,
2449,North Dakota State,Mountain West,57,3.9,0.258,0.246,0.246,57,3.9,57,45,69,48,,,,4,0,1,0,
152,NC State,ACC,58,3.3,0.218,0.207,0.207,58,3.3,58,59,58,65,,,,2,2,0,1,
9,Arizona State,Big 12,59,3.3,0.215,0.204,0.204,59,3.3,59,61,57,55,,,,2,1,1,0,
127,Michigan State,Big Ten,60,2.2,0.135,0.124,0.124,60,2.2,60,67,56,66,,,,2,2,0,1,
277,West Virginia,Big 12,61,2.2,0.133,0.122,0.122,61,2.2,61,64,59,94,,,,3,1,0,1,
58,South Florida,American Athletic,62,1.3,0.065,0.055,0.055,62,1.3,62,56,73,41,,,,4,0,1,0,
235,Memphis,American Athletic,63,1.3,0.065,0.054,0.054,63,1.3,63,63,65,58,,,,3,1,0,0,
120,Maryland,Big Ten,64,1.2,0.055,0.045,0.045,64,1.2,64,55,74,109,,,,2,2,0,1,
8,Arkansas,SEC,65,1.1,0.053,0.043,0.043,65,1.1,65,71,60,64,,,,2,2,0,1,
2649,Toledo,Mid-American,66,0.7,0.023,0.013,0.013,66,0.7,66,68,62,44,,,,3,1,0,0,
204,Oregon State,Pac-12,67,0.7,0.018,0.008,0.008,67,0.7,67,65,67,98,,,,2,2,0,0,
2305,Kansas,Big 12,68,0.4,-0.004,-0.014,-0.014,68,0.4,68,66,70,73,,,,1,2,0,1,
2335,Liberty,Conference USA,69,0.2,-0.017,-0.026,-0.026,69,0.2,69,62,77,25,,,,3,1,0,0,
59,Georgia Tech,ACC,70,0.1,-0.028,-0.037,-0.037,70,0.1,70,69,66,71,,,,1,3,0,1,
183,Syracuse,ACC,71,-0.2,-0.047,-0.056,-0.056,71,-0.2,71,74,63,114,,,,1,2,0,2,
2636,UTSA,American Athletic,72,-0.5,-0.07,-0.079,-0.079,72,-0.5,72,73,68,62,,,,3,1,0,0,
278,Fresno State,Pac-12,73,-0.5,-0.072,-0.081,-0.081,73,-0.5,73,70,72,47,,,,3,1,0,0,
349,Army,American Athletic,74,-1.6,-0.15,-0.159,-0.159,74,-1.6,74,72,79,60,,,,2,1,1,1,
326,Texas State,Pac-12,75,-1.9,-0.176,-0.184,-0.184,75,-1.9,75,76,75,74,,,,2,2,0,0,
38,Colorado,Big 12,76,-1.9,-0.177,-0.184,-0.184,76,-1.9,76,82,71,103,,,,2,2,0,1,
25,California,ACC,77,-2.7,-0.234,-0.242,-0.242,77,-2.7,77,81,76,97,,,,2,2,1,1,
2439,UNLV,Mountain West,78,-2.7,-0.235,-0.243,-0.243,78,-2.7,78,78,81,72,,,,2,2,1,0,
164,Rutgers,Big Ten,79,-2.7,-0.236,-0.243,-0.243,79,-2.7,79,75,84,93,,,,1,3,0,1,
249,North Texas,American Athletic,80,-2.7,-0.238,-0.245,-0.245,80,-2.7,80,91,64,38,,,,2,2,0,0,
309,Louisiana,Sun Belt,81,-3.1,-0.264,-0.271,-0.271,81,-3.1,81,80,82,78,,,,3,1,0,0,
151,East Carolina,American Athletic,82,-3.6,-0.3,-0.307,-0.307,82,-3.6,82,79,85,77,,,,2,2,0,0,
202,Tulsa,American Athletic,83,-4.3,-0.355,-0.361,-0.361,83,-4.3,83,83,87,124,,,,3,1,0,0,
2005,Air Force,Mountain West,84,-4.5,-0.374,-0.38,-0.38,84,-4.5,84,84,89,81,,,,2,1,1,1,
2655,Tulane,American Athletic,85,-4.8,-0.393,-0.399,-0.399,85,-4.8,85,97,78,63,,,,2,2,0,0,
103,Boston College,ACC,86,-4.9,-0.398,-0.403,-0.403,86,-4.9,86,90,86,91,,,,2,2,0,1,
2509,Purdue,Big Ten,87,-4.9,-0.398,-0.403,-0.403,87,-4.9,87,94,83,115,,,,1,3,0,1,
2711,Western Michigan,Mid-American,88,-5.1,-0.415,-0.42,-0.42,88,-5.1,88,96,80,76,,,,2,2,0,0,
2026,App State,Sun Belt,89,-5.2,-0.422,-0.427,-0.427,89,-5.2,89,89,90,105,,,,3,1,0,0,
2426,Navy,American Athletic,90,-5.6,-0.457,-0.462,-0.462,90,-5.6,90,86,96,68,,,,1,2,0,2,
55,Jacksonville State,Conference USA,91,-5.6,-0.457,-0.462,-0.462,91,-5.6,91,77,105,79,,,,3,2,1,0,
41,UConn,FBS Independents,92,-5.7,-0.461,-0.465,-0.465,92,-5.7,92,85,97,75,,,,2,2,0,0,
218,Temple,American Athletic,93,-5.8,-0.47,-0.474,-0.474,93,-5.8,93,92,88,99,,,,1,3,0,1,
193,Miami (OH),Mid-American,94,-6.3,-0.504,-0.509,-0.509,94,-6.3,94,88,101,119,,,,2,2,0,0,
2226,Florida Atlantic,American Athletic,95,-6.5,-0.524,-0.528,-0.528,95,-6.5,95,87,102,111,,,,3,1,1,0,
21,San Diego State,Pac-12,96,-6.9,-0.552,-0.556,-0.556,96,-6.9,96,100,91,82,,,,1,3,0,0,
36,Colorado State,Pac-12,97,-7.2,-0.575,-0.579,-0.579,97,-7.2,97,98,93,110,,,,2,2,0,0,
24,Stanford,ACC,98,-7.3,-0.581,-0.585,-0.585,98,-7.3,98,102,92,100,,,,2,2,1,2,
113,Massachusetts,Mid-American,99,-7.6,-0.604,-0.608,-0.608,99,-7.6,99,93,103,127,,,,4,0,1,0,
2440,Nevada,Mountain West,100,-7.8,-0.621,-0.625,-0.625,100,-7.8,100,95,104,80,,,,1,3,0,1,
290,Georgia Southern,Sun Belt,101,-8.3,-0.656,-0.659,-0.659,101,-8.3,101,103,100,96,,,,1,3,0,0,
328,Utah State,Pac-12,102,-8.4,-0.666,-0.669,-0.669,102,-8.4,102,105,95,92,,,,1,3,0,0,
2348,Louisiana Tech,Sun Belt,103,-8.6,-0.677,-0.679,-0.679,103,-8.6,103,108,94,90,,,,1,2,0,0,
265,Washington State,Pac-12,104,-8.6,-0.68,-0.683,-0.683,104,-8.6,104,106,98,61,,,,1,3,0,0,
2653,Troy,Sun Belt,105,-9.1,-0.714,-0.716,-0.716,105,-9.1,105,104,106,87,,,,2,2,0,0,
295,Old Dominion,Sun Belt,106,-9.4,-0.737,-0.739,-0.739,106,-9.4,106,101,110,117,,,,1,3,0,1,
2247,Georgia State,Sun Belt,107,-9.6,-0.755,-0.757,-0.757,107,-9.6,107,111,99,107,,,,3,1,0,0,
2032,Arkansas State,Sun Belt,108,-10.1,-0.794,-0.796,-0.796,108,-10.1,108,107,109,106,,,,2,2,0,0,
2229,Florida International,Conference USA,109,-10.2,-0.801,-0.802,-0.802,109,-10.2,109,99,116,84,,,,2,2,0,0,
48,Delaware,Conference USA,110,-10.2,-0.801,-0.803,-0.803,110,-10.2,110,110,108,102,,,,2,2,0,0,
195,Ohio,Mid-American,111,-10.7,-0.837,-0.838,-0.838,111,-10.7,111,109,111,108,,,,2,2,0,0,
338,Kennesaw State,Conference USA,112,-11.9,-0.931,-0.931,-0.931,112,-11.9,112,113,113,116,,,,1,3,0,0,
324,Coastal Carolina,Sun Belt,113,-12.1,-0.944,-0.944,-0.944,113,-12.1,113,112,114,118,,,,1,3,0,0,
62,Hawai'i,Mountain West,114,-12.2,-0.949,-0.949,-0.949,114,-12.2,114,114,112,89,,,,1,3,0,2,
6,South Alabama,Sun Belt,115,-12.5,-0.976,-0.976,-0.976,115,-12.5,115,121,107,95,,,,2,2,0,0,
276,Marshall,Sun Belt,116,-13.4,-1.04,-1.039,-1.039,116,-13.4,116,115,120,85,,,,3,1,0,0,
2534,Sam Houston,Conference USA,117,-13.6,-1.054,-1.053,-1.053,117,-13.6,117,117,117,132,,,,1,3,0,0,
5,UAB,American Athletic,118,-14.4,-1.119,-1.118,-1.118,118,-14.4,118,118,122,83,,,,2,2,1,0,
23,San José State,Mountain West,119,-14.8,-1.146,-1.144,-1.144,119,-14.8,119,120,121,88,,,,2,2,0,0,
2751,Wyoming,Mountain West,120,-15.1,-1.172,-1.17,-1.17,120,-15.1,120,116,126,104,,,,2,2,1,0,
242,Rice,American Athletic,121,-15.2,-1.175,-1.173,-1.173,121,-15.2,121,119,123,130,,,,1,3,0,0,
98,Western Kentucky,Conference USA,122,-15.2,-1.177,-1.175,-1.175,122,-15.2,122,123,119,125,,,,1,3,0,0,
2623,Missouri State,Conference USA,123,-15.5,-1.2,-1.197,-1.197,123,-15.5,123,125,118,112,,,,1,3,0,0,
2393,Middle Tennessee,Conference USA,124,-15.6,-1.21,-1.207,-1.207,124,-15.6,124,122,124,113,,,,2,2,0,1,
2572,Southern Miss,Sun Belt,125,-15.7,-1.212,-1.209,-1.209,125,-15.7,125,128,115,122,,,,1,3,0,0,
166,New Mexico State,Conference USA,126,-17.4,-1.34,-1.336,-1.336,126,-17.4,126,126,125,121,,,,1,3,0,0,
2117,Central Michigan,Mid-American,127,-18.4,-1.414,-1.409,-1.409,127,-18.4,127,129,127,123,,,,2,2,0,0,
2084,Buffalo,Mid-American,128,-18.8,-1.447,-1.442,-1.442,128,-18.8,128,124,130,120,,,,2,2,0,0,
2199,Eastern Michigan,Mid-American,129,-19.2,-1.481,-1.475,-1.475,129,-19.2,129,127,131,129,,,,2,3,1,0,
2459,Northern Illinois,Mountain West,130,-21.9,-1.683,-1.675,-1.675,130,-21.9,130,133,128,126,,,,0,4,0,0,
2006,Akron,Mid-American,131,-22.6,-1.734,-1.726,-1.726,131,-22.6,131,132,132,138,,,,1,3,0,0,
2309,Kent State,Mid-American,132,-23.1,-1.768,-1.76,-1.76,132,-23.1,132,130,135,136,,,,2,2,1,0,
2638,UTEP,Mountain West,133,-23.2,-1.782,-1.773,-1.773,133,-23.2,133,134,133,134,,,,1,3,0,0,
2429,Charlotte,American Athletic,134,-23.9,-1.832,-1.822,-1.822,134,-23.9,134,137,129,133,,,,0,4,0,0,
189,Bowling Green,Mid-American,135,-25.0,-1.914,-1.904,-1.904,135,-25.0,135,136,134,131,,,,0,4,0,0,
2050,Ball State,Mid-American,136,-25.3,-1.937,-1.927,-1.927,136,-25.3,136,135,136,135,,,,1,3,0,1,
16,Sacramento State,Mid-American,137,-26.6,-2.037,-2.025,-2.025,137,-26.6,137,131,138,128,,,,1,4,0,2,
2433,UL Monroe,Sun Belt,138,-28.0,-2.143,-2.131,-2.131,138,-28.0,138,138,137,137,,,,0,4,0,0,
